30,1,Ipsm.Iblquad.I_bl_if16.I0.Iif0,815,22,macro_interface
30,2,Ipsm.Iblquad.I_bl_if16.I0.Iif1,815,43,macro_interface
30,3,Ipsm.Iblquad.I_bl_if16.I0.Iif2,815,64,macro_interface
30,4,Ipsm.Iblquad.I_bl_if16.I0.Iif3,815,85,macro_interface
30,5,Ipsm.Iblquad.I_bl_if16.I1.Iif0,815,106,macro_interface
30,6,Ipsm.Iblquad.I_bl_if16.I1.Iif1,815,127,macro_interface
30,7,Ipsm.Iblquad.I_bl_if16.I1.Iif2,815,148,macro_interface
30,8,Ipsm.Iblquad.I_bl_if16.I1.Iif3,815,169,macro_interface
30,9,Ipsm.Iblquad.I_bl_if16.I2.Iif0,815,190,macro_interface
30,10,Ipsm.Iblquad.I_bl_if16.I2.Iif1,815,211,macro_interface
30,11,Ipsm.Iblquad.I_bl_if16.I2.Iif2,815,232,macro_interface
30,12,Ipsm.Iblquad.I_bl_if16.I2.Iif3,815,253,macro_interface
30,13,Ipsm.Iblquad.I_bl_if16.I4.Iif0,815,274,macro_interface
30,14,Ipsm.Iblquad.I_bl_if16.I4.Iif1,815,295,macro_interface
30,15,Ipsm.Iblquad.I_bl_if16.I4.Iif2,815,316,macro_interface
30,16,Ipsm.Iblquad.I_bl_if16.I4.Iif3,815,337,macro_interface
21,0,Ipsm.Iblquad.I_lb_if16.I12.I32,562,1,macro_interface_left
20,0,Ipsm.Iblquad.I_lb_if16.I12.I36,534,1,macro_interface_left
19,0,Ipsm.Iblquad.I_lb_if16.I12.I37,506,1,macro_interface_left
18,0,Ipsm.Iblquad.I_lb_if16.I12.I39,478,1,macro_interface_left
25,0,Ipsm.Iblquad.I_lb_if16.I13.I32,675,1,macro_interface_left
24,0,Ipsm.Iblquad.I_lb_if16.I13.I36,647,1,macro_interface_left
23,0,Ipsm.Iblquad.I_lb_if16.I13.I37,618,1,macro_interface_left
22,0,Ipsm.Iblquad.I_lb_if16.I13.I39,590,1,macro_interface_left
29,0,Ipsm.Iblquad.I_lb_if16.I14.I32,787,1,macro_interface_left
28,0,Ipsm.Iblquad.I_lb_if16.I14.I36,759,1,macro_interface_left
27,0,Ipsm.Iblquad.I_lb_if16.I14.I37,731,1,macro_interface_left
26,0,Ipsm.Iblquad.I_lb_if16.I14.I39,703,1,macro_interface_left
17,0,Ipsm.Iblquad.I_lb_if16.I6.I37,450,1,macro_interface_left
16,0,Ipsm.Iblquad.I_lb_if16.I6.I39,422,1,macro_interface_left
27,2,Ipsm.Iblquad.I_m16x16.I185.I152.I11,731,43,macro
28,3,Ipsm.Iblquad.I_m16x16.I185.I152.I17,759,64,macro
28,2,Ipsm.Iblquad.I_m16x16.I185.I152.I18,759,43,macro
26,2,Ipsm.Iblquad.I_m16x16.I185.I152.I21,703,43,macro
27,4,Ipsm.Iblquad.I_m16x16.I185.I152.I23,731,85,macro
26,4,Ipsm.Iblquad.I_m16x16.I185.I152.I24,703,85,macro
28,4,Ipsm.Iblquad.I_m16x16.I185.I152.I25,759,85,macro
29,4,Ipsm.Iblquad.I_m16x16.I185.I152.I26,787,85,macro
29,3,Ipsm.Iblquad.I_m16x16.I185.I152.I28,787,64,macro
29,2,Ipsm.Iblquad.I_m16x16.I185.I152.I29,787,43,macro
29,1,Ipsm.Iblquad.I_m16x16.I185.I152.I32,787,22,macro
28,1,Ipsm.Iblquad.I_m16x16.I185.I152.I36,759,22,macro
27,1,Ipsm.Iblquad.I_m16x16.I185.I152.I37,731,22,macro
26,1,Ipsm.Iblquad.I_m16x16.I185.I152.I39,703,22,macro
26,3,Ipsm.Iblquad.I_m16x16.I185.I152.I40,703,64,macro
27,3,Ipsm.Iblquad.I_m16x16.I185.I152.I41,731,64,macro
27,6,Ipsm.Iblquad.I_m16x16.I185.I153.I11,731,127,macro
28,7,Ipsm.Iblquad.I_m16x16.I185.I153.I17,759,148,macro
28,6,Ipsm.Iblquad.I_m16x16.I185.I153.I18,759,127,macro
26,6,Ipsm.Iblquad.I_m16x16.I185.I153.I21,703,127,macro
27,8,Ipsm.Iblquad.I_m16x16.I185.I153.I23,731,169,macro
26,8,Ipsm.Iblquad.I_m16x16.I185.I153.I24,703,169,macro
28,8,Ipsm.Iblquad.I_m16x16.I185.I153.I25,759,169,macro
29,8,Ipsm.Iblquad.I_m16x16.I185.I153.I26,787,169,macro
29,7,Ipsm.Iblquad.I_m16x16.I185.I153.I28,787,148,macro
29,6,Ipsm.Iblquad.I_m16x16.I185.I153.I29,787,127,macro
29,5,Ipsm.Iblquad.I_m16x16.I185.I153.I32,787,106,macro
28,5,Ipsm.Iblquad.I_m16x16.I185.I153.I36,759,106,macro
27,5,Ipsm.Iblquad.I_m16x16.I185.I153.I37,731,106,macro
26,5,Ipsm.Iblquad.I_m16x16.I185.I153.I39,703,106,macro
26,7,Ipsm.Iblquad.I_m16x16.I185.I153.I40,703,148,macro
27,7,Ipsm.Iblquad.I_m16x16.I185.I153.I41,731,148,macro
23,2,Ipsm.Iblquad.I_m16x16.I185.I158.I11,618,43,macro
24,3,Ipsm.Iblquad.I_m16x16.I185.I158.I17,647,64,macro
24,2,Ipsm.Iblquad.I_m16x16.I185.I158.I18,647,43,macro
22,2,Ipsm.Iblquad.I_m16x16.I185.I158.I21,590,43,macro
23,4,Ipsm.Iblquad.I_m16x16.I185.I158.I23,618,85,macro
22,4,Ipsm.Iblquad.I_m16x16.I185.I158.I24,590,85,macro
24,4,Ipsm.Iblquad.I_m16x16.I185.I158.I25,647,85,macro
25,4,Ipsm.Iblquad.I_m16x16.I185.I158.I26,675,85,macro
25,3,Ipsm.Iblquad.I_m16x16.I185.I158.I28,675,64,macro
25,2,Ipsm.Iblquad.I_m16x16.I185.I158.I29,675,43,macro
25,1,Ipsm.Iblquad.I_m16x16.I185.I158.I32,675,22,macro
24,1,Ipsm.Iblquad.I_m16x16.I185.I158.I36,647,22,macro
23,1,Ipsm.Iblquad.I_m16x16.I185.I158.I37,618,22,macro
22,1,Ipsm.Iblquad.I_m16x16.I185.I158.I39,590,22,macro
22,3,Ipsm.Iblquad.I_m16x16.I185.I158.I40,590,64,macro
23,3,Ipsm.Iblquad.I_m16x16.I185.I158.I41,618,64,macro
23,6,Ipsm.Iblquad.I_m16x16.I185.I159.I11,618,127,macro
24,7,Ipsm.Iblquad.I_m16x16.I185.I159.I17,647,148,macro
24,6,Ipsm.Iblquad.I_m16x16.I185.I159.I18,647,127,macro
22,6,Ipsm.Iblquad.I_m16x16.I185.I159.I21,590,127,macro
23,8,Ipsm.Iblquad.I_m16x16.I185.I159.I23,618,169,macro_clk
22,8,Ipsm.Iblquad.I_m16x16.I185.I159.I24,590,169,macro
24,8,Ipsm.Iblquad.I_m16x16.I185.I159.I25,647,169,macro
25,8,Ipsm.Iblquad.I_m16x16.I185.I159.I26,675,169,macro
25,7,Ipsm.Iblquad.I_m16x16.I185.I159.I28,675,148,macro
25,6,Ipsm.Iblquad.I_m16x16.I185.I159.I29,675,127,macro
25,5,Ipsm.Iblquad.I_m16x16.I185.I159.I32,675,106,macro
24,5,Ipsm.Iblquad.I_m16x16.I185.I159.I36,647,106,macro
23,5,Ipsm.Iblquad.I_m16x16.I185.I159.I37,618,106,macro
22,5,Ipsm.Iblquad.I_m16x16.I185.I159.I39,590,106,macro
22,7,Ipsm.Iblquad.I_m16x16.I185.I159.I40,590,148,macro
23,7,Ipsm.Iblquad.I_m16x16.I185.I159.I41,618,148,macro
27,10,Ipsm.Iblquad.I_m16x16.I186.I152.I11,731,211,macro
28,11,Ipsm.Iblquad.I_m16x16.I186.I152.I17,759,232,macro
28,10,Ipsm.Iblquad.I_m16x16.I186.I152.I18,759,211,macro
26,10,Ipsm.Iblquad.I_m16x16.I186.I152.I21,703,211,macro
27,12,Ipsm.Iblquad.I_m16x16.I186.I152.I23,731,253,macro
26,12,Ipsm.Iblquad.I_m16x16.I186.I152.I24,703,253,macro
28,12,Ipsm.Iblquad.I_m16x16.I186.I152.I25,759,253,macro
29,12,Ipsm.Iblquad.I_m16x16.I186.I152.I26,787,253,macro
29,11,Ipsm.Iblquad.I_m16x16.I186.I152.I28,787,232,macro
29,10,Ipsm.Iblquad.I_m16x16.I186.I152.I29,787,211,macro
29,9,Ipsm.Iblquad.I_m16x16.I186.I152.I32,787,190,macro
28,9,Ipsm.Iblquad.I_m16x16.I186.I152.I36,759,190,macro
27,9,Ipsm.Iblquad.I_m16x16.I186.I152.I37,731,190,macro
26,9,Ipsm.Iblquad.I_m16x16.I186.I152.I39,703,190,macro
26,11,Ipsm.Iblquad.I_m16x16.I186.I152.I40,703,232,macro
27,11,Ipsm.Iblquad.I_m16x16.I186.I152.I41,731,232,macro
27,14,Ipsm.Iblquad.I_m16x16.I186.I153.I11,731,295,macro
28,15,Ipsm.Iblquad.I_m16x16.I186.I153.I17,759,316,macro
28,14,Ipsm.Iblquad.I_m16x16.I186.I153.I18,759,295,macro
26,14,Ipsm.Iblquad.I_m16x16.I186.I153.I21,703,295,macro
27,16,Ipsm.Iblquad.I_m16x16.I186.I153.I23,731,337,macro
26,16,Ipsm.Iblquad.I_m16x16.I186.I153.I24,703,337,macro
28,16,Ipsm.Iblquad.I_m16x16.I186.I153.I25,759,337,macro
29,16,Ipsm.Iblquad.I_m16x16.I186.I153.I26,787,337,macro
29,15,Ipsm.Iblquad.I_m16x16.I186.I153.I28,787,316,macro
29,14,Ipsm.Iblquad.I_m16x16.I186.I153.I29,787,295,macro
29,13,Ipsm.Iblquad.I_m16x16.I186.I153.I32,787,274,macro
28,13,Ipsm.Iblquad.I_m16x16.I186.I153.I36,759,274,macro
27,13,Ipsm.Iblquad.I_m16x16.I186.I153.I37,731,274,macro
26,13,Ipsm.Iblquad.I_m16x16.I186.I153.I39,703,274,macro
26,15,Ipsm.Iblquad.I_m16x16.I186.I153.I40,703,316,macro
27,15,Ipsm.Iblquad.I_m16x16.I186.I153.I41,731,316,macro
23,10,Ipsm.Iblquad.I_m16x16.I186.I158.I11,618,211,macro
24,11,Ipsm.Iblquad.I_m16x16.I186.I158.I17,647,232,macro
24,10,Ipsm.Iblquad.I_m16x16.I186.I158.I18,647,211,macro
22,10,Ipsm.Iblquad.I_m16x16.I186.I158.I21,590,211,macro
23,12,Ipsm.Iblquad.I_m16x16.I186.I158.I23,618,253,macro
22,12,Ipsm.Iblquad.I_m16x16.I186.I158.I24,590,253,macro
24,12,Ipsm.Iblquad.I_m16x16.I186.I158.I25,647,253,macro
25,12,Ipsm.Iblquad.I_m16x16.I186.I158.I26,675,253,macro
25,11,Ipsm.Iblquad.I_m16x16.I186.I158.I28,675,232,macro
25,10,Ipsm.Iblquad.I_m16x16.I186.I158.I29,675,211,macro
25,9,Ipsm.Iblquad.I_m16x16.I186.I158.I32,675,190,macro
24,9,Ipsm.Iblquad.I_m16x16.I186.I158.I36,647,190,macro
23,9,Ipsm.Iblquad.I_m16x16.I186.I158.I37,618,190,macro
22,9,Ipsm.Iblquad.I_m16x16.I186.I158.I39,590,190,macro
22,11,Ipsm.Iblquad.I_m16x16.I186.I158.I40,590,232,macro
23,11,Ipsm.Iblquad.I_m16x16.I186.I158.I41,618,232,macro
23,14,Ipsm.Iblquad.I_m16x16.I186.I159.I11,618,295,macro
24,15,Ipsm.Iblquad.I_m16x16.I186.I159.I17,647,316,macro
24,14,Ipsm.Iblquad.I_m16x16.I186.I159.I18,647,295,macro
22,14,Ipsm.Iblquad.I_m16x16.I186.I159.I21,590,295,macro
23,16,Ipsm.Iblquad.I_m16x16.I186.I159.I23,618,337,macro
22,16,Ipsm.Iblquad.I_m16x16.I186.I159.I24,590,337,macro
24,16,Ipsm.Iblquad.I_m16x16.I186.I159.I25,647,337,macro
25,16,Ipsm.Iblquad.I_m16x16.I186.I159.I26,675,337,macro
25,15,Ipsm.Iblquad.I_m16x16.I186.I159.I28,675,316,macro
25,14,Ipsm.Iblquad.I_m16x16.I186.I159.I29,675,295,macro
25,13,Ipsm.Iblquad.I_m16x16.I186.I159.I32,675,274,macro
24,13,Ipsm.Iblquad.I_m16x16.I186.I159.I36,647,274,macro
23,13,Ipsm.Iblquad.I_m16x16.I186.I159.I37,618,274,macro
22,13,Ipsm.Iblquad.I_m16x16.I186.I159.I39,590,274,macro
22,15,Ipsm.Iblquad.I_m16x16.I186.I159.I40,590,316,macro
23,15,Ipsm.Iblquad.I_m16x16.I186.I159.I41,618,316,macro
19,10,Ipsm.Iblquad.I_m16x16.I187.I152.I11,506,211,macro
20,11,Ipsm.Iblquad.I_m16x16.I187.I152.I17,534,232,macro
20,10,Ipsm.Iblquad.I_m16x16.I187.I152.I18,534,211,macro
18,10,Ipsm.Iblquad.I_m16x16.I187.I152.I21,478,211,macro
19,12,Ipsm.Iblquad.I_m16x16.I187.I152.I23,506,253,macro
18,12,Ipsm.Iblquad.I_m16x16.I187.I152.I24,478,253,macro
20,12,Ipsm.Iblquad.I_m16x16.I187.I152.I25,534,253,macro
21,12,Ipsm.Iblquad.I_m16x16.I187.I152.I26,562,253,macro
21,11,Ipsm.Iblquad.I_m16x16.I187.I152.I28,562,232,macro
21,10,Ipsm.Iblquad.I_m16x16.I187.I152.I29,562,211,macro
21,9,Ipsm.Iblquad.I_m16x16.I187.I152.I32,562,190,macro
20,9,Ipsm.Iblquad.I_m16x16.I187.I152.I36,534,190,macro
19,9,Ipsm.Iblquad.I_m16x16.I187.I152.I37,506,190,macro
18,9,Ipsm.Iblquad.I_m16x16.I187.I152.I39,478,190,macro
18,11,Ipsm.Iblquad.I_m16x16.I187.I152.I40,478,232,macro
19,11,Ipsm.Iblquad.I_m16x16.I187.I152.I41,506,232,macro
19,14,Ipsm.Iblquad.I_m16x16.I187.I153.I11,506,295,macro
20,15,Ipsm.Iblquad.I_m16x16.I187.I153.I17,534,316,macro
20,14,Ipsm.Iblquad.I_m16x16.I187.I153.I18,534,295,macro
18,14,Ipsm.Iblquad.I_m16x16.I187.I153.I21,478,295,macro
19,16,Ipsm.Iblquad.I_m16x16.I187.I153.I23,506,337,macro
18,16,Ipsm.Iblquad.I_m16x16.I187.I153.I24,478,337,macro
20,16,Ipsm.Iblquad.I_m16x16.I187.I153.I25,534,337,macro
21,16,Ipsm.Iblquad.I_m16x16.I187.I153.I26,562,337,macro
21,15,Ipsm.Iblquad.I_m16x16.I187.I153.I28,562,316,macro
21,14,Ipsm.Iblquad.I_m16x16.I187.I153.I29,562,295,macro
21,13,Ipsm.Iblquad.I_m16x16.I187.I153.I32,562,274,macro
20,13,Ipsm.Iblquad.I_m16x16.I187.I153.I36,534,274,macro
19,13,Ipsm.Iblquad.I_m16x16.I187.I153.I37,506,274,macro
18,13,Ipsm.Iblquad.I_m16x16.I187.I153.I39,478,274,macro
18,15,Ipsm.Iblquad.I_m16x16.I187.I153.I40,478,316,macro
19,15,Ipsm.Iblquad.I_m16x16.I187.I153.I41,506,316,macro
17,10,Ipsm.Iblquad.I_m16x16.I187.I158.I11,450,211,macro
16,10,Ipsm.Iblquad.I_m16x16.I187.I158.I21,422,211,macro
17,12,Ipsm.Iblquad.I_m16x16.I187.I158.I23,450,253,macro
16,12,Ipsm.Iblquad.I_m16x16.I187.I158.I24,422,253,macro
17,9,Ipsm.Iblquad.I_m16x16.I187.I158.I37,450,190,macro
16,9,Ipsm.Iblquad.I_m16x16.I187.I158.I39,422,190,macro
16,11,Ipsm.Iblquad.I_m16x16.I187.I158.I40,422,232,macro
17,11,Ipsm.Iblquad.I_m16x16.I187.I158.I41,450,232,macro
17,14,Ipsm.Iblquad.I_m16x16.I187.I159.I11,450,295,macro
16,14,Ipsm.Iblquad.I_m16x16.I187.I159.I21,422,295,macro
17,16,Ipsm.Iblquad.I_m16x16.I187.I159.I23,450,337,macro
17,13,Ipsm.Iblquad.I_m16x16.I187.I159.I37,450,274,macro
16,13,Ipsm.Iblquad.I_m16x16.I187.I159.I39,422,274,macro
16,15,Ipsm.Iblquad.I_m16x16.I187.I159.I40,422,316,macro
17,15,Ipsm.Iblquad.I_m16x16.I187.I159.I41,450,316,macro
16,16,Ipsm.Iblquad.I_m16x16.I187.I159.I57,422,337,macro_gclk
19,2,Ipsm.Iblquad.I_m16x16.I188.I152.I11,506,43,macro
20,3,Ipsm.Iblquad.I_m16x16.I188.I152.I17,534,64,macro
20,2,Ipsm.Iblquad.I_m16x16.I188.I152.I18,534,43,macro
18,2,Ipsm.Iblquad.I_m16x16.I188.I152.I21,478,43,macro
19,4,Ipsm.Iblquad.I_m16x16.I188.I152.I23,506,85,macro
18,4,Ipsm.Iblquad.I_m16x16.I188.I152.I24,478,85,macro
20,4,Ipsm.Iblquad.I_m16x16.I188.I152.I25,534,85,macro
21,4,Ipsm.Iblquad.I_m16x16.I188.I152.I26,562,85,macro
21,3,Ipsm.Iblquad.I_m16x16.I188.I152.I28,562,64,macro
21,2,Ipsm.Iblquad.I_m16x16.I188.I152.I29,562,43,macro
21,1,Ipsm.Iblquad.I_m16x16.I188.I152.I32,562,22,macro
20,1,Ipsm.Iblquad.I_m16x16.I188.I152.I36,534,22,macro
19,1,Ipsm.Iblquad.I_m16x16.I188.I152.I37,506,22,macro
18,1,Ipsm.Iblquad.I_m16x16.I188.I152.I39,478,22,macro
18,3,Ipsm.Iblquad.I_m16x16.I188.I152.I40,478,64,macro
19,3,Ipsm.Iblquad.I_m16x16.I188.I152.I41,506,64,macro
19,6,Ipsm.Iblquad.I_m16x16.I188.I153.I11,506,127,macro
20,7,Ipsm.Iblquad.I_m16x16.I188.I153.I17,534,148,macro
20,6,Ipsm.Iblquad.I_m16x16.I188.I153.I18,534,127,macro
18,6,Ipsm.Iblquad.I_m16x16.I188.I153.I21,478,127,macro
19,8,Ipsm.Iblquad.I_m16x16.I188.I153.I23,506,169,macro
18,8,Ipsm.Iblquad.I_m16x16.I188.I153.I24,478,169,macro
20,8,Ipsm.Iblquad.I_m16x16.I188.I153.I25,534,169,macro
21,8,Ipsm.Iblquad.I_m16x16.I188.I153.I26,562,169,macro
21,7,Ipsm.Iblquad.I_m16x16.I188.I153.I28,562,148,macro
21,6,Ipsm.Iblquad.I_m16x16.I188.I153.I29,562,127,macro
21,5,Ipsm.Iblquad.I_m16x16.I188.I153.I32,562,106,macro
20,5,Ipsm.Iblquad.I_m16x16.I188.I153.I36,534,106,macro
19,5,Ipsm.Iblquad.I_m16x16.I188.I153.I37,506,106,macro
18,5,Ipsm.Iblquad.I_m16x16.I188.I153.I39,478,106,macro
18,7,Ipsm.Iblquad.I_m16x16.I188.I153.I40,478,148,macro
19,7,Ipsm.Iblquad.I_m16x16.I188.I153.I41,506,148,macro
17,2,Ipsm.Iblquad.I_m16x16.I188.I158.I11,450,43,macro
16,2,Ipsm.Iblquad.I_m16x16.I188.I158.I21,422,43,macro
17,4,Ipsm.Iblquad.I_m16x16.I188.I158.I23,450,85,macro
16,4,Ipsm.Iblquad.I_m16x16.I188.I158.I24,422,85,macro
17,1,Ipsm.Iblquad.I_m16x16.I188.I158.I37,450,22,macro
16,1,Ipsm.Iblquad.I_m16x16.I188.I158.I39,422,22,macro
16,3,Ipsm.Iblquad.I_m16x16.I188.I158.I40,422,64,macro
17,3,Ipsm.Iblquad.I_m16x16.I188.I158.I41,450,64,macro
17,6,Ipsm.Iblquad.I_m16x16.I188.I159.I11,450,127,macro
16,6,Ipsm.Iblquad.I_m16x16.I188.I159.I21,422,127,macro
17,8,Ipsm.Iblquad.I_m16x16.I188.I159.I23,450,169,macro
16,8,Ipsm.Iblquad.I_m16x16.I188.I159.I24,422,169,macro
17,5,Ipsm.Iblquad.I_m16x16.I188.I159.I37,450,106,macro
16,5,Ipsm.Iblquad.I_m16x16.I188.I159.I39,422,106,macro
16,7,Ipsm.Iblquad.I_m16x16.I188.I159.I40,422,148,macro
17,7,Ipsm.Iblquad.I_m16x16.I188.I159.I41,450,148,macro
30,17,Ipsm.Ibrquad.I_br_if16.I0.Iif0,815,358,macro_interface
30,18,Ipsm.Ibrquad.I_br_if16.I0.Iif1,815,379,macro_interface
30,19,Ipsm.Ibrquad.I_br_if16.I0.Iif2,815,400,macro_interface
30,20,Ipsm.Ibrquad.I_br_if16.I0.Iif3,815,421,macro_interface
30,21,Ipsm.Ibrquad.I_br_if16.I1.Iif0,815,442,macro_interface
30,22,Ipsm.Ibrquad.I_br_if16.I1.Iif1,815,463,macro_interface
30,23,Ipsm.Ibrquad.I_br_if16.I1.Iif2,815,484,macro_interface
30,24,Ipsm.Ibrquad.I_br_if16.I1.Iif3,815,505,macro_interface
30,25,Ipsm.Ibrquad.I_br_if16.I2.Iif0,815,526,macro_interface
30,26,Ipsm.Ibrquad.I_br_if16.I2.Iif1,815,547,macro_interface
30,27,Ipsm.Ibrquad.I_br_if16.I2.Iif2,815,568,macro_interface
30,28,Ipsm.Ibrquad.I_br_if16.I2.Iif3,815,589,macro_interface
30,29,Ipsm.Ibrquad.I_br_if16.I4.Iif0,815,610,macro_interface
30,30,Ipsm.Ibrquad.I_br_if16.I4.Iif1,815,631,macro_interface
30,31,Ipsm.Ibrquad.I_br_if16.I4.Iif2,815,652,macro_interface
30,32,Ipsm.Ibrquad.I_br_if16.I4.Iif3,815,673,macro_interface
27,18,Ipsm.Ibrquad.I_m16x16.I185.I152.I11,731,379,macro
28,19,Ipsm.Ibrquad.I_m16x16.I185.I152.I17,759,400,macro
28,18,Ipsm.Ibrquad.I_m16x16.I185.I152.I18,759,379,macro
26,18,Ipsm.Ibrquad.I_m16x16.I185.I152.I21,703,379,macro
27,20,Ipsm.Ibrquad.I_m16x16.I185.I152.I23,731,421,macro
26,20,Ipsm.Ibrquad.I_m16x16.I185.I152.I24,703,421,macro
28,20,Ipsm.Ibrquad.I_m16x16.I185.I152.I25,759,421,macro
29,20,Ipsm.Ibrquad.I_m16x16.I185.I152.I26,787,421,macro
29,19,Ipsm.Ibrquad.I_m16x16.I185.I152.I28,787,400,macro
29,18,Ipsm.Ibrquad.I_m16x16.I185.I152.I29,787,379,macro
29,17,Ipsm.Ibrquad.I_m16x16.I185.I152.I32,787,358,macro
28,17,Ipsm.Ibrquad.I_m16x16.I185.I152.I36,759,358,macro
27,17,Ipsm.Ibrquad.I_m16x16.I185.I152.I37,731,358,macro
26,17,Ipsm.Ibrquad.I_m16x16.I185.I152.I39,703,358,macro
26,19,Ipsm.Ibrquad.I_m16x16.I185.I152.I40,703,400,macro
27,19,Ipsm.Ibrquad.I_m16x16.I185.I152.I41,731,400,macro
27,22,Ipsm.Ibrquad.I_m16x16.I185.I153.I11,731,463,macro
28,23,Ipsm.Ibrquad.I_m16x16.I185.I153.I17,759,484,macro
28,22,Ipsm.Ibrquad.I_m16x16.I185.I153.I18,759,463,macro
26,22,Ipsm.Ibrquad.I_m16x16.I185.I153.I21,703,463,macro
27,24,Ipsm.Ibrquad.I_m16x16.I185.I153.I23,731,505,macro
26,24,Ipsm.Ibrquad.I_m16x16.I185.I153.I24,703,505,macro
28,24,Ipsm.Ibrquad.I_m16x16.I185.I153.I25,759,505,macro
29,24,Ipsm.Ibrquad.I_m16x16.I185.I153.I26,787,505,macro
29,23,Ipsm.Ibrquad.I_m16x16.I185.I153.I28,787,484,macro
29,22,Ipsm.Ibrquad.I_m16x16.I185.I153.I29,787,463,macro
29,21,Ipsm.Ibrquad.I_m16x16.I185.I153.I32,787,442,macro
28,21,Ipsm.Ibrquad.I_m16x16.I185.I153.I36,759,442,macro
27,21,Ipsm.Ibrquad.I_m16x16.I185.I153.I37,731,442,macro
26,21,Ipsm.Ibrquad.I_m16x16.I185.I153.I39,703,442,macro
26,23,Ipsm.Ibrquad.I_m16x16.I185.I153.I40,703,484,macro
27,23,Ipsm.Ibrquad.I_m16x16.I185.I153.I41,731,484,macro
23,18,Ipsm.Ibrquad.I_m16x16.I185.I158.I11,618,379,macro
24,19,Ipsm.Ibrquad.I_m16x16.I185.I158.I17,647,400,macro
24,18,Ipsm.Ibrquad.I_m16x16.I185.I158.I18,647,379,macro
22,18,Ipsm.Ibrquad.I_m16x16.I185.I158.I21,590,379,macro
23,20,Ipsm.Ibrquad.I_m16x16.I185.I158.I23,618,421,macro
22,20,Ipsm.Ibrquad.I_m16x16.I185.I158.I24,590,421,macro
24,20,Ipsm.Ibrquad.I_m16x16.I185.I158.I25,647,421,macro
25,20,Ipsm.Ibrquad.I_m16x16.I185.I158.I26,675,421,macro
25,19,Ipsm.Ibrquad.I_m16x16.I185.I158.I28,675,400,macro
25,18,Ipsm.Ibrquad.I_m16x16.I185.I158.I29,675,379,macro
25,17,Ipsm.Ibrquad.I_m16x16.I185.I158.I32,675,358,macro
24,17,Ipsm.Ibrquad.I_m16x16.I185.I158.I36,647,358,macro
23,17,Ipsm.Ibrquad.I_m16x16.I185.I158.I37,618,358,macro
22,17,Ipsm.Ibrquad.I_m16x16.I185.I158.I39,590,358,macro
22,19,Ipsm.Ibrquad.I_m16x16.I185.I158.I40,590,400,macro
23,19,Ipsm.Ibrquad.I_m16x16.I185.I158.I41,618,400,macro
23,22,Ipsm.Ibrquad.I_m16x16.I185.I159.I11,618,463,macro
24,23,Ipsm.Ibrquad.I_m16x16.I185.I159.I17,647,484,macro
24,22,Ipsm.Ibrquad.I_m16x16.I185.I159.I18,647,463,macro
22,22,Ipsm.Ibrquad.I_m16x16.I185.I159.I21,590,463,macro
23,24,Ipsm.Ibrquad.I_m16x16.I185.I159.I23,618,505,macro_clk
22,24,Ipsm.Ibrquad.I_m16x16.I185.I159.I24,590,505,macro
24,24,Ipsm.Ibrquad.I_m16x16.I185.I159.I25,647,505,macro
25,24,Ipsm.Ibrquad.I_m16x16.I185.I159.I26,675,505,macro
25,23,Ipsm.Ibrquad.I_m16x16.I185.I159.I28,675,484,macro
25,22,Ipsm.Ibrquad.I_m16x16.I185.I159.I29,675,463,macro
25,21,Ipsm.Ibrquad.I_m16x16.I185.I159.I32,675,442,macro
24,21,Ipsm.Ibrquad.I_m16x16.I185.I159.I36,647,442,macro
23,21,Ipsm.Ibrquad.I_m16x16.I185.I159.I37,618,442,macro
22,21,Ipsm.Ibrquad.I_m16x16.I185.I159.I39,590,442,macro
22,23,Ipsm.Ibrquad.I_m16x16.I185.I159.I40,590,484,macro
23,23,Ipsm.Ibrquad.I_m16x16.I185.I159.I41,618,484,macro
27,26,Ipsm.Ibrquad.I_m16x16.I186.I152.I11,731,547,macro
28,27,Ipsm.Ibrquad.I_m16x16.I186.I152.I17,759,568,macro
28,26,Ipsm.Ibrquad.I_m16x16.I186.I152.I18,759,547,macro
26,26,Ipsm.Ibrquad.I_m16x16.I186.I152.I21,703,547,macro
27,28,Ipsm.Ibrquad.I_m16x16.I186.I152.I23,731,589,macro
26,28,Ipsm.Ibrquad.I_m16x16.I186.I152.I24,703,589,macro
28,28,Ipsm.Ibrquad.I_m16x16.I186.I152.I25,759,589,macro
29,28,Ipsm.Ibrquad.I_m16x16.I186.I152.I26,787,589,macro
29,27,Ipsm.Ibrquad.I_m16x16.I186.I152.I28,787,568,macro
29,26,Ipsm.Ibrquad.I_m16x16.I186.I152.I29,787,547,macro
29,25,Ipsm.Ibrquad.I_m16x16.I186.I152.I32,787,526,macro
28,25,Ipsm.Ibrquad.I_m16x16.I186.I152.I36,759,526,macro
27,25,Ipsm.Ibrquad.I_m16x16.I186.I152.I37,731,526,macro
26,25,Ipsm.Ibrquad.I_m16x16.I186.I152.I39,703,526,macro
26,27,Ipsm.Ibrquad.I_m16x16.I186.I152.I40,703,568,macro
27,27,Ipsm.Ibrquad.I_m16x16.I186.I152.I41,731,568,macro
27,30,Ipsm.Ibrquad.I_m16x16.I186.I153.I11,731,631,macro
28,31,Ipsm.Ibrquad.I_m16x16.I186.I153.I17,759,652,macro
28,30,Ipsm.Ibrquad.I_m16x16.I186.I153.I18,759,631,macro
26,30,Ipsm.Ibrquad.I_m16x16.I186.I153.I21,703,631,macro
27,32,Ipsm.Ibrquad.I_m16x16.I186.I153.I23,731,673,macro
26,32,Ipsm.Ibrquad.I_m16x16.I186.I153.I24,703,673,macro
28,32,Ipsm.Ibrquad.I_m16x16.I186.I153.I25,759,673,macro
29,32,Ipsm.Ibrquad.I_m16x16.I186.I153.I26,787,673,macro
29,31,Ipsm.Ibrquad.I_m16x16.I186.I153.I28,787,652,macro
29,30,Ipsm.Ibrquad.I_m16x16.I186.I153.I29,787,631,macro
29,29,Ipsm.Ibrquad.I_m16x16.I186.I153.I32,787,610,macro
28,29,Ipsm.Ibrquad.I_m16x16.I186.I153.I36,759,610,macro
27,29,Ipsm.Ibrquad.I_m16x16.I186.I153.I37,731,610,macro
26,29,Ipsm.Ibrquad.I_m16x16.I186.I153.I39,703,610,macro
26,31,Ipsm.Ibrquad.I_m16x16.I186.I153.I40,703,652,macro
27,31,Ipsm.Ibrquad.I_m16x16.I186.I153.I41,731,652,macro
23,26,Ipsm.Ibrquad.I_m16x16.I186.I158.I11,618,547,macro
24,27,Ipsm.Ibrquad.I_m16x16.I186.I158.I17,647,568,macro
24,26,Ipsm.Ibrquad.I_m16x16.I186.I158.I18,647,547,macro
22,26,Ipsm.Ibrquad.I_m16x16.I186.I158.I21,590,547,macro
23,28,Ipsm.Ibrquad.I_m16x16.I186.I158.I23,618,589,macro
22,28,Ipsm.Ibrquad.I_m16x16.I186.I158.I24,590,589,macro
24,28,Ipsm.Ibrquad.I_m16x16.I186.I158.I25,647,589,macro
25,28,Ipsm.Ibrquad.I_m16x16.I186.I158.I26,675,589,macro
25,27,Ipsm.Ibrquad.I_m16x16.I186.I158.I28,675,568,macro
25,26,Ipsm.Ibrquad.I_m16x16.I186.I158.I29,675,547,macro
25,25,Ipsm.Ibrquad.I_m16x16.I186.I158.I32,675,526,macro
24,25,Ipsm.Ibrquad.I_m16x16.I186.I158.I36,647,526,macro
23,25,Ipsm.Ibrquad.I_m16x16.I186.I158.I37,618,526,macro
22,25,Ipsm.Ibrquad.I_m16x16.I186.I158.I39,590,526,macro
22,27,Ipsm.Ibrquad.I_m16x16.I186.I158.I40,590,568,macro
23,27,Ipsm.Ibrquad.I_m16x16.I186.I158.I41,618,568,macro
23,30,Ipsm.Ibrquad.I_m16x16.I186.I159.I11,618,631,macro
24,31,Ipsm.Ibrquad.I_m16x16.I186.I159.I17,647,652,macro
24,30,Ipsm.Ibrquad.I_m16x16.I186.I159.I18,647,631,macro
22,30,Ipsm.Ibrquad.I_m16x16.I186.I159.I21,590,631,macro
23,32,Ipsm.Ibrquad.I_m16x16.I186.I159.I23,618,673,macro
22,32,Ipsm.Ibrquad.I_m16x16.I186.I159.I24,590,673,macro
24,32,Ipsm.Ibrquad.I_m16x16.I186.I159.I25,647,673,macro
25,32,Ipsm.Ibrquad.I_m16x16.I186.I159.I26,675,673,macro
25,31,Ipsm.Ibrquad.I_m16x16.I186.I159.I28,675,652,macro
25,30,Ipsm.Ibrquad.I_m16x16.I186.I159.I29,675,631,macro
25,29,Ipsm.Ibrquad.I_m16x16.I186.I159.I32,675,610,macro
24,29,Ipsm.Ibrquad.I_m16x16.I186.I159.I36,647,610,macro
23,29,Ipsm.Ibrquad.I_m16x16.I186.I159.I37,618,610,macro
22,29,Ipsm.Ibrquad.I_m16x16.I186.I159.I39,590,610,macro
22,31,Ipsm.Ibrquad.I_m16x16.I186.I159.I40,590,652,macro
23,31,Ipsm.Ibrquad.I_m16x16.I186.I159.I41,618,652,macro
19,26,Ipsm.Ibrquad.I_m16x16.I187.I152.I11,506,547,macro
20,27,Ipsm.Ibrquad.I_m16x16.I187.I152.I17,534,568,macro
20,26,Ipsm.Ibrquad.I_m16x16.I187.I152.I18,534,547,macro
18,26,Ipsm.Ibrquad.I_m16x16.I187.I152.I21,478,547,macro
19,28,Ipsm.Ibrquad.I_m16x16.I187.I152.I23,506,589,macro
18,28,Ipsm.Ibrquad.I_m16x16.I187.I152.I24,478,589,macro
20,28,Ipsm.Ibrquad.I_m16x16.I187.I152.I25,534,589,macro
21,28,Ipsm.Ibrquad.I_m16x16.I187.I152.I26,562,589,macro
21,27,Ipsm.Ibrquad.I_m16x16.I187.I152.I28,562,568,macro
21,26,Ipsm.Ibrquad.I_m16x16.I187.I152.I29,562,547,macro
21,25,Ipsm.Ibrquad.I_m16x16.I187.I152.I32,562,526,macro
20,25,Ipsm.Ibrquad.I_m16x16.I187.I152.I36,534,526,macro
19,25,Ipsm.Ibrquad.I_m16x16.I187.I152.I37,506,526,macro
18,25,Ipsm.Ibrquad.I_m16x16.I187.I152.I39,478,526,macro
18,27,Ipsm.Ibrquad.I_m16x16.I187.I152.I40,478,568,macro
19,27,Ipsm.Ibrquad.I_m16x16.I187.I152.I41,506,568,macro
19,30,Ipsm.Ibrquad.I_m16x16.I187.I153.I11,506,631,macro
20,31,Ipsm.Ibrquad.I_m16x16.I187.I153.I17,534,652,macro
20,30,Ipsm.Ibrquad.I_m16x16.I187.I153.I18,534,631,macro
18,30,Ipsm.Ibrquad.I_m16x16.I187.I153.I21,478,631,macro
19,32,Ipsm.Ibrquad.I_m16x16.I187.I153.I23,506,673,macro
18,32,Ipsm.Ibrquad.I_m16x16.I187.I153.I24,478,673,macro
20,32,Ipsm.Ibrquad.I_m16x16.I187.I153.I25,534,673,macro
21,32,Ipsm.Ibrquad.I_m16x16.I187.I153.I26,562,673,macro
21,31,Ipsm.Ibrquad.I_m16x16.I187.I153.I28,562,652,macro
21,30,Ipsm.Ibrquad.I_m16x16.I187.I153.I29,562,631,macro
21,29,Ipsm.Ibrquad.I_m16x16.I187.I153.I32,562,610,macro
20,29,Ipsm.Ibrquad.I_m16x16.I187.I153.I36,534,610,macro
19,29,Ipsm.Ibrquad.I_m16x16.I187.I153.I37,506,610,macro
18,29,Ipsm.Ibrquad.I_m16x16.I187.I153.I39,478,610,macro
18,31,Ipsm.Ibrquad.I_m16x16.I187.I153.I40,478,652,macro
19,31,Ipsm.Ibrquad.I_m16x16.I187.I153.I41,506,652,macro
17,26,Ipsm.Ibrquad.I_m16x16.I187.I158.I11,450,547,macro
16,26,Ipsm.Ibrquad.I_m16x16.I187.I158.I21,422,547,macro
17,28,Ipsm.Ibrquad.I_m16x16.I187.I158.I23,450,589,macro
16,28,Ipsm.Ibrquad.I_m16x16.I187.I158.I24,422,589,macro
17,25,Ipsm.Ibrquad.I_m16x16.I187.I158.I37,450,526,macro
16,25,Ipsm.Ibrquad.I_m16x16.I187.I158.I39,422,526,macro
16,27,Ipsm.Ibrquad.I_m16x16.I187.I158.I40,422,568,macro
17,27,Ipsm.Ibrquad.I_m16x16.I187.I158.I41,450,568,macro
17,30,Ipsm.Ibrquad.I_m16x16.I187.I159.I11,450,631,macro
16,30,Ipsm.Ibrquad.I_m16x16.I187.I159.I21,422,631,macro
17,32,Ipsm.Ibrquad.I_m16x16.I187.I159.I23,450,673,macro
16,32,Ipsm.Ibrquad.I_m16x16.I187.I159.I24,422,673,macro
17,29,Ipsm.Ibrquad.I_m16x16.I187.I159.I37,450,610,macro
16,29,Ipsm.Ibrquad.I_m16x16.I187.I159.I39,422,610,macro
16,31,Ipsm.Ibrquad.I_m16x16.I187.I159.I40,422,652,macro
17,31,Ipsm.Ibrquad.I_m16x16.I187.I159.I41,450,652,macro
19,18,Ipsm.Ibrquad.I_m16x16.I188.I152.I11,506,379,macro
20,19,Ipsm.Ibrquad.I_m16x16.I188.I152.I17,534,400,macro
20,18,Ipsm.Ibrquad.I_m16x16.I188.I152.I18,534,379,macro
18,18,Ipsm.Ibrquad.I_m16x16.I188.I152.I21,478,379,macro
19,20,Ipsm.Ibrquad.I_m16x16.I188.I152.I23,506,421,macro
18,20,Ipsm.Ibrquad.I_m16x16.I188.I152.I24,478,421,macro
20,20,Ipsm.Ibrquad.I_m16x16.I188.I152.I25,534,421,macro
21,20,Ipsm.Ibrquad.I_m16x16.I188.I152.I26,562,421,macro
21,19,Ipsm.Ibrquad.I_m16x16.I188.I152.I28,562,400,macro
21,18,Ipsm.Ibrquad.I_m16x16.I188.I152.I29,562,379,macro
21,17,Ipsm.Ibrquad.I_m16x16.I188.I152.I32,562,358,macro
20,17,Ipsm.Ibrquad.I_m16x16.I188.I152.I36,534,358,macro
19,17,Ipsm.Ibrquad.I_m16x16.I188.I152.I37,506,358,macro
18,17,Ipsm.Ibrquad.I_m16x16.I188.I152.I39,478,358,macro
18,19,Ipsm.Ibrquad.I_m16x16.I188.I152.I40,478,400,macro
19,19,Ipsm.Ibrquad.I_m16x16.I188.I152.I41,506,400,macro
19,22,Ipsm.Ibrquad.I_m16x16.I188.I153.I11,506,463,macro
20,23,Ipsm.Ibrquad.I_m16x16.I188.I153.I17,534,484,macro
20,22,Ipsm.Ibrquad.I_m16x16.I188.I153.I18,534,463,macro
18,22,Ipsm.Ibrquad.I_m16x16.I188.I153.I21,478,463,macro
19,24,Ipsm.Ibrquad.I_m16x16.I188.I153.I23,506,505,macro
18,24,Ipsm.Ibrquad.I_m16x16.I188.I153.I24,478,505,macro
20,24,Ipsm.Ibrquad.I_m16x16.I188.I153.I25,534,505,macro
21,24,Ipsm.Ibrquad.I_m16x16.I188.I153.I26,562,505,macro
21,23,Ipsm.Ibrquad.I_m16x16.I188.I153.I28,562,484,macro
21,22,Ipsm.Ibrquad.I_m16x16.I188.I153.I29,562,463,macro
21,21,Ipsm.Ibrquad.I_m16x16.I188.I153.I32,562,442,macro
20,21,Ipsm.Ibrquad.I_m16x16.I188.I153.I36,534,442,macro
19,21,Ipsm.Ibrquad.I_m16x16.I188.I153.I37,506,442,macro
18,21,Ipsm.Ibrquad.I_m16x16.I188.I153.I39,478,442,macro
18,23,Ipsm.Ibrquad.I_m16x16.I188.I153.I40,478,484,macro
19,23,Ipsm.Ibrquad.I_m16x16.I188.I153.I41,506,484,macro
17,18,Ipsm.Ibrquad.I_m16x16.I188.I158.I11,450,379,macro
16,18,Ipsm.Ibrquad.I_m16x16.I188.I158.I21,422,379,macro
17,20,Ipsm.Ibrquad.I_m16x16.I188.I158.I23,450,421,macro
16,20,Ipsm.Ibrquad.I_m16x16.I188.I158.I24,422,421,macro
17,17,Ipsm.Ibrquad.I_m16x16.I188.I158.I37,450,358,macro
16,17,Ipsm.Ibrquad.I_m16x16.I188.I158.I39,422,358,macro
16,19,Ipsm.Ibrquad.I_m16x16.I188.I158.I40,422,400,macro
17,19,Ipsm.Ibrquad.I_m16x16.I188.I158.I41,450,400,macro
17,22,Ipsm.Ibrquad.I_m16x16.I188.I159.I11,450,463,macro
16,22,Ipsm.Ibrquad.I_m16x16.I188.I159.I21,422,463,macro
17,24,Ipsm.Ibrquad.I_m16x16.I188.I159.I23,450,505,macro
16,24,Ipsm.Ibrquad.I_m16x16.I188.I159.I24,422,505,macro
17,21,Ipsm.Ibrquad.I_m16x16.I188.I159.I37,450,442,macro
16,21,Ipsm.Ibrquad.I_m16x16.I188.I159.I39,422,442,macro
16,23,Ipsm.Ibrquad.I_m16x16.I188.I159.I40,422,484,macro
17,23,Ipsm.Ibrquad.I_m16x16.I188.I159.I41,450,484,macro
21,33,Ipsm.Ibrquad.I_rb_if16.I12.I32,562,694,macro_interface_right
20,33,Ipsm.Ibrquad.I_rb_if16.I12.I36,534,694,macro_interface_right
19,33,Ipsm.Ibrquad.I_rb_if16.I12.I37,506,694,macro_interface_right
18,33,Ipsm.Ibrquad.I_rb_if16.I12.I39,478,694,macro_interface_right
25,33,Ipsm.Ibrquad.I_rb_if16.I13.I32,675,694,macro_interface_right
24,33,Ipsm.Ibrquad.I_rb_if16.I13.I36,647,694,macro_interface_right
23,33,Ipsm.Ibrquad.I_rb_if16.I13.I37,618,694,macro_interface_right
22,33,Ipsm.Ibrquad.I_rb_if16.I13.I39,590,694,macro_interface_right
29,33,Ipsm.Ibrquad.I_rb_if16.I14.I32,787,694,macro_interface_right
28,33,Ipsm.Ibrquad.I_rb_if16.I14.I36,759,694,macro_interface_right
27,33,Ipsm.Ibrquad.I_rb_if16.I14.I37,731,694,macro_interface_right
26,33,Ipsm.Ibrquad.I_rb_if16.I14.I39,703,694,macro_interface_right
17,33,Ipsm.Ibrquad.I_rb_if16.I6.I32,450,694,macro_interface_right
16,33,Ipsm.Ibrquad.I_rb_if16.I6.I36,422,694,macro_interface_right
9,0,Ipsm.Itlquad.I_lt_if16.I12.I32,225,1,macro_interface_left
8,0,Ipsm.Itlquad.I_lt_if16.I12.I36,197,1,macro_interface_left
7,0,Ipsm.Itlquad.I_lt_if16.I12.I37,169,1,macro_interface_left
6,0,Ipsm.Itlquad.I_lt_if16.I12.I39,141,1,macro_interface_left
13,0,Ipsm.Itlquad.I_lt_if16.I13.I32,338,1,macro_interface_left
12,0,Ipsm.Itlquad.I_lt_if16.I13.I36,310,1,macro_interface_left
11,0,Ipsm.Itlquad.I_lt_if16.I13.I37,282,1,macro_interface_left
10,0,Ipsm.Itlquad.I_lt_if16.I13.I39,254,1,macro_interface_left
15,0,Ipsm.Itlquad.I_lt_if16.I14.I37,394,1,macro_interface_left
14,0,Ipsm.Itlquad.I_lt_if16.I14.I39,366,1,macro_interface_left
5,0,Ipsm.Itlquad.I_lt_if16.I6.I32,113,1,macro_interface_left
4,0,Ipsm.Itlquad.I_lt_if16.I6.I36,85,1,macro_interface_left
3,0,Ipsm.Itlquad.I_lt_if16.I6.I37,57,1,macro_interface_left
2,0,Ipsm.Itlquad.I_lt_if16.I6.I39,29,1,macro_interface_top_left
15,2,Ipsm.Itlquad.I_m16x16.I185.I152.I11,394,43,macro
14,2,Ipsm.Itlquad.I_m16x16.I185.I152.I21,366,43,macro
15,4,Ipsm.Itlquad.I_m16x16.I185.I152.I23,394,85,macro
14,4,Ipsm.Itlquad.I_m16x16.I185.I152.I24,366,85,macro
15,1,Ipsm.Itlquad.I_m16x16.I185.I152.I37,394,22,macro
14,1,Ipsm.Itlquad.I_m16x16.I185.I152.I39,366,22,macro
14,3,Ipsm.Itlquad.I_m16x16.I185.I152.I40,366,64,macro
15,3,Ipsm.Itlquad.I_m16x16.I185.I152.I41,394,64,macro
15,6,Ipsm.Itlquad.I_m16x16.I185.I153.I11,394,127,macro
14,6,Ipsm.Itlquad.I_m16x16.I185.I153.I21,366,127,macro
15,8,Ipsm.Itlquad.I_m16x16.I185.I153.I23,394,169,macro
14,8,Ipsm.Itlquad.I_m16x16.I185.I153.I24,366,169,macro
15,5,Ipsm.Itlquad.I_m16x16.I185.I153.I37,394,106,macro
14,5,Ipsm.Itlquad.I_m16x16.I185.I153.I39,366,106,macro
14,7,Ipsm.Itlquad.I_m16x16.I185.I153.I40,366,148,macro
15,7,Ipsm.Itlquad.I_m16x16.I185.I153.I41,394,148,macro
11,2,Ipsm.Itlquad.I_m16x16.I185.I158.I11,282,43,macro
12,3,Ipsm.Itlquad.I_m16x16.I185.I158.I17,310,64,macro
12,2,Ipsm.Itlquad.I_m16x16.I185.I158.I18,310,43,macro
10,2,Ipsm.Itlquad.I_m16x16.I185.I158.I21,254,43,macro
11,4,Ipsm.Itlquad.I_m16x16.I185.I158.I23,282,85,macro
10,4,Ipsm.Itlquad.I_m16x16.I185.I158.I24,254,85,macro
12,4,Ipsm.Itlquad.I_m16x16.I185.I158.I25,310,85,macro
13,4,Ipsm.Itlquad.I_m16x16.I185.I158.I26,338,85,macro
13,3,Ipsm.Itlquad.I_m16x16.I185.I158.I28,338,64,macro
13,2,Ipsm.Itlquad.I_m16x16.I185.I158.I29,338,43,macro
13,1,Ipsm.Itlquad.I_m16x16.I185.I158.I32,338,22,macro
12,1,Ipsm.Itlquad.I_m16x16.I185.I158.I36,310,22,macro
11,1,Ipsm.Itlquad.I_m16x16.I185.I158.I37,282,22,macro
10,1,Ipsm.Itlquad.I_m16x16.I185.I158.I39,254,22,macro
10,3,Ipsm.Itlquad.I_m16x16.I185.I158.I40,254,64,macro
11,3,Ipsm.Itlquad.I_m16x16.I185.I158.I41,282,64,macro
11,6,Ipsm.Itlquad.I_m16x16.I185.I159.I11,282,127,macro
12,7,Ipsm.Itlquad.I_m16x16.I185.I159.I17,310,148,macro
12,6,Ipsm.Itlquad.I_m16x16.I185.I159.I18,310,127,macro
10,6,Ipsm.Itlquad.I_m16x16.I185.I159.I21,254,127,macro
11,8,Ipsm.Itlquad.I_m16x16.I185.I159.I23,282,169,macro
10,8,Ipsm.Itlquad.I_m16x16.I185.I159.I24,254,169,macro
12,8,Ipsm.Itlquad.I_m16x16.I185.I159.I25,310,169,macro
13,8,Ipsm.Itlquad.I_m16x16.I185.I159.I26,338,169,macro
13,7,Ipsm.Itlquad.I_m16x16.I185.I159.I28,338,148,macro
13,6,Ipsm.Itlquad.I_m16x16.I185.I159.I29,338,127,macro
13,5,Ipsm.Itlquad.I_m16x16.I185.I159.I32,338,106,macro
12,5,Ipsm.Itlquad.I_m16x16.I185.I159.I36,310,106,macro
11,5,Ipsm.Itlquad.I_m16x16.I185.I159.I37,282,106,macro
10,5,Ipsm.Itlquad.I_m16x16.I185.I159.I39,254,106,macro
10,7,Ipsm.Itlquad.I_m16x16.I185.I159.I40,254,148,macro
11,7,Ipsm.Itlquad.I_m16x16.I185.I159.I41,282,148,macro
15,10,Ipsm.Itlquad.I_m16x16.I186.I152.I11,394,211,macro
14,10,Ipsm.Itlquad.I_m16x16.I186.I152.I21,366,211,macro
15,12,Ipsm.Itlquad.I_m16x16.I186.I152.I23,394,253,macro
14,12,Ipsm.Itlquad.I_m16x16.I186.I152.I24,366,253,macro
15,9,Ipsm.Itlquad.I_m16x16.I186.I152.I37,394,190,macro
14,9,Ipsm.Itlquad.I_m16x16.I186.I152.I39,366,190,macro
14,11,Ipsm.Itlquad.I_m16x16.I186.I152.I40,366,232,macro
15,11,Ipsm.Itlquad.I_m16x16.I186.I152.I41,394,232,macro
15,14,Ipsm.Itlquad.I_m16x16.I186.I153.I11,394,295,macro
14,14,Ipsm.Itlquad.I_m16x16.I186.I153.I21,366,295,macro
15,16,Ipsm.Itlquad.I_m16x16.I186.I153.I23,394,337,macro
14,16,Ipsm.Itlquad.I_m16x16.I186.I153.I24,366,337,macro
15,13,Ipsm.Itlquad.I_m16x16.I186.I153.I37,394,274,macro
14,13,Ipsm.Itlquad.I_m16x16.I186.I153.I39,366,274,macro
14,15,Ipsm.Itlquad.I_m16x16.I186.I153.I40,366,316,macro
15,15,Ipsm.Itlquad.I_m16x16.I186.I153.I41,394,316,macro
11,10,Ipsm.Itlquad.I_m16x16.I186.I158.I11,282,211,macro
12,11,Ipsm.Itlquad.I_m16x16.I186.I158.I17,310,232,macro
12,10,Ipsm.Itlquad.I_m16x16.I186.I158.I18,310,211,macro
10,10,Ipsm.Itlquad.I_m16x16.I186.I158.I21,254,211,macro
11,12,Ipsm.Itlquad.I_m16x16.I186.I158.I23,282,253,macro
10,12,Ipsm.Itlquad.I_m16x16.I186.I158.I24,254,253,macro
12,12,Ipsm.Itlquad.I_m16x16.I186.I158.I25,310,253,macro
13,12,Ipsm.Itlquad.I_m16x16.I186.I158.I26,338,253,macro
13,11,Ipsm.Itlquad.I_m16x16.I186.I158.I28,338,232,macro
13,10,Ipsm.Itlquad.I_m16x16.I186.I158.I29,338,211,macro
13,9,Ipsm.Itlquad.I_m16x16.I186.I158.I32,338,190,macro
12,9,Ipsm.Itlquad.I_m16x16.I186.I158.I36,310,190,macro
11,9,Ipsm.Itlquad.I_m16x16.I186.I158.I37,282,190,macro
10,9,Ipsm.Itlquad.I_m16x16.I186.I158.I39,254,190,macro
10,11,Ipsm.Itlquad.I_m16x16.I186.I158.I40,254,232,macro
11,11,Ipsm.Itlquad.I_m16x16.I186.I158.I41,282,232,macro
11,14,Ipsm.Itlquad.I_m16x16.I186.I159.I11,282,295,macro
12,15,Ipsm.Itlquad.I_m16x16.I186.I159.I17,310,316,macro
12,14,Ipsm.Itlquad.I_m16x16.I186.I159.I18,310,295,macro
10,14,Ipsm.Itlquad.I_m16x16.I186.I159.I21,254,295,macro
11,16,Ipsm.Itlquad.I_m16x16.I186.I159.I23,282,337,macro
10,16,Ipsm.Itlquad.I_m16x16.I186.I159.I24,254,337,macro
12,16,Ipsm.Itlquad.I_m16x16.I186.I159.I25,310,337,macro
13,16,Ipsm.Itlquad.I_m16x16.I186.I159.I26,338,337,macro
13,15,Ipsm.Itlquad.I_m16x16.I186.I159.I28,338,316,macro
13,14,Ipsm.Itlquad.I_m16x16.I186.I159.I29,338,295,macro
13,13,Ipsm.Itlquad.I_m16x16.I186.I159.I32,338,274,macro
12,13,Ipsm.Itlquad.I_m16x16.I186.I159.I36,310,274,macro
11,13,Ipsm.Itlquad.I_m16x16.I186.I159.I37,282,274,macro
10,13,Ipsm.Itlquad.I_m16x16.I186.I159.I39,254,274,macro
10,15,Ipsm.Itlquad.I_m16x16.I186.I159.I40,254,316,macro
11,15,Ipsm.Itlquad.I_m16x16.I186.I159.I41,282,316,macro
7,10,Ipsm.Itlquad.I_m16x16.I187.I152.I11,169,211,macro
8,11,Ipsm.Itlquad.I_m16x16.I187.I152.I17,197,232,macro
8,10,Ipsm.Itlquad.I_m16x16.I187.I152.I18,197,211,macro
6,10,Ipsm.Itlquad.I_m16x16.I187.I152.I21,141,211,macro
7,12,Ipsm.Itlquad.I_m16x16.I187.I152.I23,169,253,macro
6,12,Ipsm.Itlquad.I_m16x16.I187.I152.I24,141,253,macro
8,12,Ipsm.Itlquad.I_m16x16.I187.I152.I25,197,253,macro
9,12,Ipsm.Itlquad.I_m16x16.I187.I152.I26,225,253,macro
9,11,Ipsm.Itlquad.I_m16x16.I187.I152.I28,225,232,macro
9,10,Ipsm.Itlquad.I_m16x16.I187.I152.I29,225,211,macro
9,9,Ipsm.Itlquad.I_m16x16.I187.I152.I32,225,190,macro
8,9,Ipsm.Itlquad.I_m16x16.I187.I152.I36,197,190,macro
7,9,Ipsm.Itlquad.I_m16x16.I187.I152.I37,169,190,macro
6,9,Ipsm.Itlquad.I_m16x16.I187.I152.I39,141,190,macro
6,11,Ipsm.Itlquad.I_m16x16.I187.I152.I40,141,232,macro
7,11,Ipsm.Itlquad.I_m16x16.I187.I152.I41,169,232,macro
7,14,Ipsm.Itlquad.I_m16x16.I187.I153.I11,169,295,macro
8,15,Ipsm.Itlquad.I_m16x16.I187.I153.I17,197,316,macro
8,14,Ipsm.Itlquad.I_m16x16.I187.I153.I18,197,295,macro
6,14,Ipsm.Itlquad.I_m16x16.I187.I153.I21,141,295,macro
7,16,Ipsm.Itlquad.I_m16x16.I187.I153.I23,169,337,macro
6,16,Ipsm.Itlquad.I_m16x16.I187.I153.I24,141,337,macro
8,16,Ipsm.Itlquad.I_m16x16.I187.I153.I25,197,337,macro
9,16,Ipsm.Itlquad.I_m16x16.I187.I153.I26,225,337,macro
9,15,Ipsm.Itlquad.I_m16x16.I187.I153.I28,225,316,macro
9,14,Ipsm.Itlquad.I_m16x16.I187.I153.I29,225,295,macro
9,13,Ipsm.Itlquad.I_m16x16.I187.I153.I32,225,274,macro
8,13,Ipsm.Itlquad.I_m16x16.I187.I153.I36,197,274,macro
7,13,Ipsm.Itlquad.I_m16x16.I187.I153.I37,169,274,macro
6,13,Ipsm.Itlquad.I_m16x16.I187.I153.I39,141,274,macro
6,15,Ipsm.Itlquad.I_m16x16.I187.I153.I40,141,316,macro
7,15,Ipsm.Itlquad.I_m16x16.I187.I153.I41,169,316,macro
3,10,Ipsm.Itlquad.I_m16x16.I187.I158.I11,57,211,macro
4,11,Ipsm.Itlquad.I_m16x16.I187.I158.I17,85,232,macro
4,10,Ipsm.Itlquad.I_m16x16.I187.I158.I18,85,211,macro
2,10,Ipsm.Itlquad.I_m16x16.I187.I158.I21,29,211,macro
3,12,Ipsm.Itlquad.I_m16x16.I187.I158.I23,57,253,macro
2,12,Ipsm.Itlquad.I_m16x16.I187.I158.I24,29,253,macro
4,12,Ipsm.Itlquad.I_m16x16.I187.I158.I25,85,253,macro
5,12,Ipsm.Itlquad.I_m16x16.I187.I158.I26,113,253,macro
5,11,Ipsm.Itlquad.I_m16x16.I187.I158.I28,113,232,macro
5,10,Ipsm.Itlquad.I_m16x16.I187.I158.I29,113,211,macro
5,9,Ipsm.Itlquad.I_m16x16.I187.I158.I32,113,190,macro
4,9,Ipsm.Itlquad.I_m16x16.I187.I158.I36,85,190,macro
3,9,Ipsm.Itlquad.I_m16x16.I187.I158.I37,57,190,macro
2,9,Ipsm.Itlquad.I_m16x16.I187.I158.I39,29,190,macro
2,11,Ipsm.Itlquad.I_m16x16.I187.I158.I40,29,232,macro
3,11,Ipsm.Itlquad.I_m16x16.I187.I158.I41,57,232,macro
3,14,Ipsm.Itlquad.I_m16x16.I187.I159.I11,57,295,macro
4,15,Ipsm.Itlquad.I_m16x16.I187.I159.I17,85,316,macro
4,14,Ipsm.Itlquad.I_m16x16.I187.I159.I18,85,295,macro
2,14,Ipsm.Itlquad.I_m16x16.I187.I159.I21,29,295,macro
3,16,Ipsm.Itlquad.I_m16x16.I187.I159.I23,57,337,macro
2,16,Ipsm.Itlquad.I_m16x16.I187.I159.I24,29,337,macro
4,16,Ipsm.Itlquad.I_m16x16.I187.I159.I25,85,337,macro
5,16,Ipsm.Itlquad.I_m16x16.I187.I159.I26,113,337,macro
5,15,Ipsm.Itlquad.I_m16x16.I187.I159.I28,113,316,macro
5,14,Ipsm.Itlquad.I_m16x16.I187.I159.I29,113,295,macro
5,13,Ipsm.Itlquad.I_m16x16.I187.I159.I32,113,274,macro
4,13,Ipsm.Itlquad.I_m16x16.I187.I159.I36,85,274,macro
3,13,Ipsm.Itlquad.I_m16x16.I187.I159.I37,57,274,macro
2,13,Ipsm.Itlquad.I_m16x16.I187.I159.I39,29,274,macro
2,15,Ipsm.Itlquad.I_m16x16.I187.I159.I40,29,316,macro
3,15,Ipsm.Itlquad.I_m16x16.I187.I159.I41,57,316,macro
7,2,Ipsm.Itlquad.I_m16x16.I188.I152.I11,169,43,macro
8,3,Ipsm.Itlquad.I_m16x16.I188.I152.I17,197,64,macro
8,2,Ipsm.Itlquad.I_m16x16.I188.I152.I18,197,43,macro
6,2,Ipsm.Itlquad.I_m16x16.I188.I152.I21,141,43,macro
7,4,Ipsm.Itlquad.I_m16x16.I188.I152.I23,169,85,macro
6,4,Ipsm.Itlquad.I_m16x16.I188.I152.I24,141,85,macro
8,4,Ipsm.Itlquad.I_m16x16.I188.I152.I25,197,85,macro
9,4,Ipsm.Itlquad.I_m16x16.I188.I152.I26,225,85,macro
9,3,Ipsm.Itlquad.I_m16x16.I188.I152.I28,225,64,macro
9,2,Ipsm.Itlquad.I_m16x16.I188.I152.I29,225,43,macro
9,1,Ipsm.Itlquad.I_m16x16.I188.I152.I32,225,22,macro
8,1,Ipsm.Itlquad.I_m16x16.I188.I152.I36,197,22,macro
7,1,Ipsm.Itlquad.I_m16x16.I188.I152.I37,169,22,macro
6,1,Ipsm.Itlquad.I_m16x16.I188.I152.I39,141,22,macro
6,3,Ipsm.Itlquad.I_m16x16.I188.I152.I40,141,64,macro
7,3,Ipsm.Itlquad.I_m16x16.I188.I152.I41,169,64,macro
7,6,Ipsm.Itlquad.I_m16x16.I188.I153.I11,169,127,macro
8,7,Ipsm.Itlquad.I_m16x16.I188.I153.I17,197,148,macro
8,6,Ipsm.Itlquad.I_m16x16.I188.I153.I18,197,127,macro
6,6,Ipsm.Itlquad.I_m16x16.I188.I153.I21,141,127,macro
7,8,Ipsm.Itlquad.I_m16x16.I188.I153.I23,169,169,macro
6,8,Ipsm.Itlquad.I_m16x16.I188.I153.I24,141,169,macro
8,8,Ipsm.Itlquad.I_m16x16.I188.I153.I25,197,169,macro_clk
9,8,Ipsm.Itlquad.I_m16x16.I188.I153.I26,225,169,macro
9,7,Ipsm.Itlquad.I_m16x16.I188.I153.I28,225,148,macro
9,6,Ipsm.Itlquad.I_m16x16.I188.I153.I29,225,127,macro
9,5,Ipsm.Itlquad.I_m16x16.I188.I153.I32,225,106,macro
8,5,Ipsm.Itlquad.I_m16x16.I188.I153.I36,197,106,macro
7,5,Ipsm.Itlquad.I_m16x16.I188.I153.I37,169,106,macro
6,5,Ipsm.Itlquad.I_m16x16.I188.I153.I39,141,106,macro
6,7,Ipsm.Itlquad.I_m16x16.I188.I153.I40,141,148,macro
7,7,Ipsm.Itlquad.I_m16x16.I188.I153.I41,169,148,macro
3,2,Ipsm.Itlquad.I_m16x16.I188.I158.I11,57,43,macro
4,3,Ipsm.Itlquad.I_m16x16.I188.I158.I17,85,64,macro
4,2,Ipsm.Itlquad.I_m16x16.I188.I158.I18,85,43,macro
2,2,Ipsm.Itlquad.I_m16x16.I188.I158.I21,29,43,macro
3,4,Ipsm.Itlquad.I_m16x16.I188.I158.I23,57,85,macro
2,4,Ipsm.Itlquad.I_m16x16.I188.I158.I24,29,85,macro
4,4,Ipsm.Itlquad.I_m16x16.I188.I158.I25,85,85,macro
5,4,Ipsm.Itlquad.I_m16x16.I188.I158.I26,113,85,macro
5,3,Ipsm.Itlquad.I_m16x16.I188.I158.I28,113,64,macro
5,2,Ipsm.Itlquad.I_m16x16.I188.I158.I29,113,43,macro
5,1,Ipsm.Itlquad.I_m16x16.I188.I158.I32,113,22,macro
4,1,Ipsm.Itlquad.I_m16x16.I188.I158.I36,85,22,macro
3,1,Ipsm.Itlquad.I_m16x16.I188.I158.I37,57,22,macro
2,1,Ipsm.Itlquad.I_m16x16.I188.I158.I39,29,22,macro
2,3,Ipsm.Itlquad.I_m16x16.I188.I158.I40,29,64,macro
3,3,Ipsm.Itlquad.I_m16x16.I188.I158.I41,57,64,macro
3,6,Ipsm.Itlquad.I_m16x16.I188.I159.I11,57,127,macro
4,7,Ipsm.Itlquad.I_m16x16.I188.I159.I17,85,148,macro
4,6,Ipsm.Itlquad.I_m16x16.I188.I159.I18,85,127,macro
2,6,Ipsm.Itlquad.I_m16x16.I188.I159.I21,29,127,macro
3,8,Ipsm.Itlquad.I_m16x16.I188.I159.I23,57,169,macro
2,8,Ipsm.Itlquad.I_m16x16.I188.I159.I24,29,169,macro
4,8,Ipsm.Itlquad.I_m16x16.I188.I159.I25,85,169,macro
5,8,Ipsm.Itlquad.I_m16x16.I188.I159.I26,113,169,macro
5,7,Ipsm.Itlquad.I_m16x16.I188.I159.I28,113,148,macro
5,6,Ipsm.Itlquad.I_m16x16.I188.I159.I29,113,127,macro
5,5,Ipsm.Itlquad.I_m16x16.I188.I159.I32,113,106,macro
4,5,Ipsm.Itlquad.I_m16x16.I188.I159.I36,85,106,macro
3,5,Ipsm.Itlquad.I_m16x16.I188.I159.I37,57,106,macro
2,5,Ipsm.Itlquad.I_m16x16.I188.I159.I39,29,106,macro
2,7,Ipsm.Itlquad.I_m16x16.I188.I159.I40,29,148,macro
3,7,Ipsm.Itlquad.I_m16x16.I188.I159.I41,57,148,macro
1,1,Ipsm.Itlquad.I_tl_if16.I0.Iif0,1,22,macro_interface_top
1,2,Ipsm.Itlquad.I_tl_if16.I0.Iif1,1,43,macro_interface_top
1,3,Ipsm.Itlquad.I_tl_if16.I0.Iif2,1,64,macro_interface_top
1,4,Ipsm.Itlquad.I_tl_if16.I0.Iif3,1,85,macro_interface_top
1,5,Ipsm.Itlquad.I_tl_if16.I1.Iif0,1,106,macro_interface_top
1,6,Ipsm.Itlquad.I_tl_if16.I1.Iif1,1,127,macro_interface_top
1,7,Ipsm.Itlquad.I_tl_if16.I1.Iif2,1,148,macro_interface_top
1,8,Ipsm.Itlquad.I_tl_if16.I1.Iif3,1,169,macro_interface_top
1,9,Ipsm.Itlquad.I_tl_if16.I2.Iif0,1,190,macro_interface_top
1,10,Ipsm.Itlquad.I_tl_if16.I2.Iif1,1,211,macro_interface_top
1,11,Ipsm.Itlquad.I_tl_if16.I2.Iif2,1,232,macro_interface_top
1,12,Ipsm.Itlquad.I_tl_if16.I2.Iif3,1,253,macro_interface_top
1,13,Ipsm.Itlquad.I_tl_if16.I4.Iif0,1,274,macro_interface_top
1,14,Ipsm.Itlquad.I_tl_if16.I4.Iif1,1,295,macro_interface_top
1,15,Ipsm.Itlquad.I_tl_if16.I4.Iif2,1,316,macro_interface_top
1,16,Ipsm.Itlquad.I_tl_if16.I4.Iif3,1,337,macro_interface_top
15,18,Ipsm.Itrquad.I_m16x16.I185.I152.I11,394,379,macro
14,18,Ipsm.Itrquad.I_m16x16.I185.I152.I21,366,379,macro
15,20,Ipsm.Itrquad.I_m16x16.I185.I152.I23,394,421,macro
14,20,Ipsm.Itrquad.I_m16x16.I185.I152.I24,366,421,macro
15,17,Ipsm.Itrquad.I_m16x16.I185.I152.I37,394,358,macro
14,17,Ipsm.Itrquad.I_m16x16.I185.I152.I39,366,358,macro
14,19,Ipsm.Itrquad.I_m16x16.I185.I152.I40,366,400,macro
15,19,Ipsm.Itrquad.I_m16x16.I185.I152.I41,394,400,macro
15,22,Ipsm.Itrquad.I_m16x16.I185.I153.I11,394,463,macro
14,22,Ipsm.Itrquad.I_m16x16.I185.I153.I21,366,463,macro
15,24,Ipsm.Itrquad.I_m16x16.I185.I153.I23,394,505,macro
14,24,Ipsm.Itrquad.I_m16x16.I185.I153.I24,366,505,macro
15,21,Ipsm.Itrquad.I_m16x16.I185.I153.I37,394,442,macro
14,21,Ipsm.Itrquad.I_m16x16.I185.I153.I39,366,442,macro
14,23,Ipsm.Itrquad.I_m16x16.I185.I153.I40,366,484,macro
15,23,Ipsm.Itrquad.I_m16x16.I185.I153.I41,394,484,macro
11,18,Ipsm.Itrquad.I_m16x16.I185.I158.I11,282,379,macro
12,19,Ipsm.Itrquad.I_m16x16.I185.I158.I17,310,400,macro
12,18,Ipsm.Itrquad.I_m16x16.I185.I158.I18,310,379,macro
10,18,Ipsm.Itrquad.I_m16x16.I185.I158.I21,254,379,macro
11,20,Ipsm.Itrquad.I_m16x16.I185.I158.I23,282,421,macro
10,20,Ipsm.Itrquad.I_m16x16.I185.I158.I24,254,421,macro
12,20,Ipsm.Itrquad.I_m16x16.I185.I158.I25,310,421,macro
13,20,Ipsm.Itrquad.I_m16x16.I185.I158.I26,338,421,macro
13,19,Ipsm.Itrquad.I_m16x16.I185.I158.I28,338,400,macro
13,18,Ipsm.Itrquad.I_m16x16.I185.I158.I29,338,379,macro
13,17,Ipsm.Itrquad.I_m16x16.I185.I158.I32,338,358,macro
12,17,Ipsm.Itrquad.I_m16x16.I185.I158.I36,310,358,macro
11,17,Ipsm.Itrquad.I_m16x16.I185.I158.I37,282,358,macro
10,17,Ipsm.Itrquad.I_m16x16.I185.I158.I39,254,358,macro
10,19,Ipsm.Itrquad.I_m16x16.I185.I158.I40,254,400,macro
11,19,Ipsm.Itrquad.I_m16x16.I185.I158.I41,282,400,macro
11,22,Ipsm.Itrquad.I_m16x16.I185.I159.I11,282,463,macro
12,23,Ipsm.Itrquad.I_m16x16.I185.I159.I17,310,484,macro
12,22,Ipsm.Itrquad.I_m16x16.I185.I159.I18,310,463,macro
10,22,Ipsm.Itrquad.I_m16x16.I185.I159.I21,254,463,macro
11,24,Ipsm.Itrquad.I_m16x16.I185.I159.I23,282,505,macro
10,24,Ipsm.Itrquad.I_m16x16.I185.I159.I24,254,505,macro
12,24,Ipsm.Itrquad.I_m16x16.I185.I159.I25,310,505,macro
13,24,Ipsm.Itrquad.I_m16x16.I185.I159.I26,338,505,macro
13,23,Ipsm.Itrquad.I_m16x16.I185.I159.I28,338,484,macro
13,22,Ipsm.Itrquad.I_m16x16.I185.I159.I29,338,463,macro
13,21,Ipsm.Itrquad.I_m16x16.I185.I159.I32,338,442,macro
12,21,Ipsm.Itrquad.I_m16x16.I185.I159.I36,310,442,macro
11,21,Ipsm.Itrquad.I_m16x16.I185.I159.I37,282,442,macro
10,21,Ipsm.Itrquad.I_m16x16.I185.I159.I39,254,442,macro
10,23,Ipsm.Itrquad.I_m16x16.I185.I159.I40,254,484,macro
11,23,Ipsm.Itrquad.I_m16x16.I185.I159.I41,282,484,macro
15,26,Ipsm.Itrquad.I_m16x16.I186.I152.I11,394,547,macro
14,26,Ipsm.Itrquad.I_m16x16.I186.I152.I21,366,547,macro
15,28,Ipsm.Itrquad.I_m16x16.I186.I152.I23,394,589,macro
14,28,Ipsm.Itrquad.I_m16x16.I186.I152.I24,366,589,macro
15,25,Ipsm.Itrquad.I_m16x16.I186.I152.I37,394,526,macro
14,25,Ipsm.Itrquad.I_m16x16.I186.I152.I39,366,526,macro
14,27,Ipsm.Itrquad.I_m16x16.I186.I152.I40,366,568,macro
15,27,Ipsm.Itrquad.I_m16x16.I186.I152.I41,394,568,macro
15,30,Ipsm.Itrquad.I_m16x16.I186.I153.I11,394,631,macro
14,30,Ipsm.Itrquad.I_m16x16.I186.I153.I21,366,631,macro
15,32,Ipsm.Itrquad.I_m16x16.I186.I153.I23,394,673,macro
14,32,Ipsm.Itrquad.I_m16x16.I186.I153.I24,366,673,macro
15,29,Ipsm.Itrquad.I_m16x16.I186.I153.I37,394,610,macro
14,29,Ipsm.Itrquad.I_m16x16.I186.I153.I39,366,610,macro
14,31,Ipsm.Itrquad.I_m16x16.I186.I153.I40,366,652,macro
15,31,Ipsm.Itrquad.I_m16x16.I186.I153.I41,394,652,macro
11,26,Ipsm.Itrquad.I_m16x16.I186.I158.I11,282,547,macro
12,27,Ipsm.Itrquad.I_m16x16.I186.I158.I17,310,568,macro
12,26,Ipsm.Itrquad.I_m16x16.I186.I158.I18,310,547,macro
10,26,Ipsm.Itrquad.I_m16x16.I186.I158.I21,254,547,macro
11,28,Ipsm.Itrquad.I_m16x16.I186.I158.I23,282,589,macro
10,28,Ipsm.Itrquad.I_m16x16.I186.I158.I24,254,589,macro
12,28,Ipsm.Itrquad.I_m16x16.I186.I158.I25,310,589,macro
13,28,Ipsm.Itrquad.I_m16x16.I186.I158.I26,338,589,macro
13,27,Ipsm.Itrquad.I_m16x16.I186.I158.I28,338,568,macro
13,26,Ipsm.Itrquad.I_m16x16.I186.I158.I29,338,547,macro
13,25,Ipsm.Itrquad.I_m16x16.I186.I158.I32,338,526,macro
12,25,Ipsm.Itrquad.I_m16x16.I186.I158.I36,310,526,macro
11,25,Ipsm.Itrquad.I_m16x16.I186.I158.I37,282,526,macro
10,25,Ipsm.Itrquad.I_m16x16.I186.I158.I39,254,526,macro
10,27,Ipsm.Itrquad.I_m16x16.I186.I158.I40,254,568,macro
11,27,Ipsm.Itrquad.I_m16x16.I186.I158.I41,282,568,macro
11,30,Ipsm.Itrquad.I_m16x16.I186.I159.I11,282,631,macro
12,31,Ipsm.Itrquad.I_m16x16.I186.I159.I17,310,652,macro
12,30,Ipsm.Itrquad.I_m16x16.I186.I159.I18,310,631,macro
10,30,Ipsm.Itrquad.I_m16x16.I186.I159.I21,254,631,macro
11,32,Ipsm.Itrquad.I_m16x16.I186.I159.I23,282,673,macro
10,32,Ipsm.Itrquad.I_m16x16.I186.I159.I24,254,673,macro
12,32,Ipsm.Itrquad.I_m16x16.I186.I159.I25,310,673,macro
13,32,Ipsm.Itrquad.I_m16x16.I186.I159.I26,338,673,macro
13,31,Ipsm.Itrquad.I_m16x16.I186.I159.I28,338,652,macro
13,30,Ipsm.Itrquad.I_m16x16.I186.I159.I29,338,631,macro
13,29,Ipsm.Itrquad.I_m16x16.I186.I159.I32,338,610,macro
12,29,Ipsm.Itrquad.I_m16x16.I186.I159.I36,310,610,macro
11,29,Ipsm.Itrquad.I_m16x16.I186.I159.I37,282,610,macro
10,29,Ipsm.Itrquad.I_m16x16.I186.I159.I39,254,610,macro
10,31,Ipsm.Itrquad.I_m16x16.I186.I159.I40,254,652,macro
11,31,Ipsm.Itrquad.I_m16x16.I186.I159.I41,282,652,macro
7,26,Ipsm.Itrquad.I_m16x16.I187.I152.I11,169,547,macro
8,27,Ipsm.Itrquad.I_m16x16.I187.I152.I17,197,568,macro
8,26,Ipsm.Itrquad.I_m16x16.I187.I152.I18,197,547,macro
6,26,Ipsm.Itrquad.I_m16x16.I187.I152.I21,141,547,macro
7,28,Ipsm.Itrquad.I_m16x16.I187.I152.I23,169,589,macro
6,28,Ipsm.Itrquad.I_m16x16.I187.I152.I24,141,589,macro
8,28,Ipsm.Itrquad.I_m16x16.I187.I152.I25,197,589,macro
9,28,Ipsm.Itrquad.I_m16x16.I187.I152.I26,225,589,macro
9,27,Ipsm.Itrquad.I_m16x16.I187.I152.I28,225,568,macro
9,26,Ipsm.Itrquad.I_m16x16.I187.I152.I29,225,547,macro
9,25,Ipsm.Itrquad.I_m16x16.I187.I152.I32,225,526,macro
8,25,Ipsm.Itrquad.I_m16x16.I187.I152.I36,197,526,macro
7,25,Ipsm.Itrquad.I_m16x16.I187.I152.I37,169,526,macro
6,25,Ipsm.Itrquad.I_m16x16.I187.I152.I39,141,526,macro
6,27,Ipsm.Itrquad.I_m16x16.I187.I152.I40,141,568,macro
7,27,Ipsm.Itrquad.I_m16x16.I187.I152.I41,169,568,macro
7,30,Ipsm.Itrquad.I_m16x16.I187.I153.I11,169,631,macro
8,31,Ipsm.Itrquad.I_m16x16.I187.I153.I17,197,652,macro
8,30,Ipsm.Itrquad.I_m16x16.I187.I153.I18,197,631,macro
6,30,Ipsm.Itrquad.I_m16x16.I187.I153.I21,141,631,macro
7,32,Ipsm.Itrquad.I_m16x16.I187.I153.I23,169,673,macro
6,32,Ipsm.Itrquad.I_m16x16.I187.I153.I24,141,673,macro
8,32,Ipsm.Itrquad.I_m16x16.I187.I153.I25,197,673,macro
9,32,Ipsm.Itrquad.I_m16x16.I187.I153.I26,225,673,macro
9,31,Ipsm.Itrquad.I_m16x16.I187.I153.I28,225,652,macro
9,30,Ipsm.Itrquad.I_m16x16.I187.I153.I29,225,631,macro
9,29,Ipsm.Itrquad.I_m16x16.I187.I153.I32,225,610,macro
8,29,Ipsm.Itrquad.I_m16x16.I187.I153.I36,197,610,macro
7,29,Ipsm.Itrquad.I_m16x16.I187.I153.I37,169,610,macro
6,29,Ipsm.Itrquad.I_m16x16.I187.I153.I39,141,610,macro
6,31,Ipsm.Itrquad.I_m16x16.I187.I153.I40,141,652,macro
7,31,Ipsm.Itrquad.I_m16x16.I187.I153.I41,169,652,macro
3,26,Ipsm.Itrquad.I_m16x16.I187.I158.I11,57,547,macro
4,27,Ipsm.Itrquad.I_m16x16.I187.I158.I17,85,568,macro
4,26,Ipsm.Itrquad.I_m16x16.I187.I158.I18,85,547,macro
2,26,Ipsm.Itrquad.I_m16x16.I187.I158.I21,29,547,macro
3,28,Ipsm.Itrquad.I_m16x16.I187.I158.I23,57,589,macro
2,28,Ipsm.Itrquad.I_m16x16.I187.I158.I24,29,589,macro
4,28,Ipsm.Itrquad.I_m16x16.I187.I158.I25,85,589,macro
5,28,Ipsm.Itrquad.I_m16x16.I187.I158.I26,113,589,macro
5,27,Ipsm.Itrquad.I_m16x16.I187.I158.I28,113,568,macro
5,26,Ipsm.Itrquad.I_m16x16.I187.I158.I29,113,547,macro
5,25,Ipsm.Itrquad.I_m16x16.I187.I158.I32,113,526,macro
4,25,Ipsm.Itrquad.I_m16x16.I187.I158.I36,85,526,macro
3,25,Ipsm.Itrquad.I_m16x16.I187.I158.I37,57,526,macro
2,25,Ipsm.Itrquad.I_m16x16.I187.I158.I39,29,526,macro
2,27,Ipsm.Itrquad.I_m16x16.I187.I158.I40,29,568,macro
3,27,Ipsm.Itrquad.I_m16x16.I187.I158.I41,57,568,macro
3,30,Ipsm.Itrquad.I_m16x16.I187.I159.I11,57,631,macro
4,31,Ipsm.Itrquad.I_m16x16.I187.I159.I17,85,652,macro
4,30,Ipsm.Itrquad.I_m16x16.I187.I159.I18,85,631,macro
2,30,Ipsm.Itrquad.I_m16x16.I187.I159.I21,29,631,macro
3,32,Ipsm.Itrquad.I_m16x16.I187.I159.I23,57,673,macro
2,32,Ipsm.Itrquad.I_m16x16.I187.I159.I24,29,673,macro
4,32,Ipsm.Itrquad.I_m16x16.I187.I159.I25,85,673,macro
5,32,Ipsm.Itrquad.I_m16x16.I187.I159.I26,113,673,macro
5,31,Ipsm.Itrquad.I_m16x16.I187.I159.I28,113,652,macro
5,30,Ipsm.Itrquad.I_m16x16.I187.I159.I29,113,631,macro
5,29,Ipsm.Itrquad.I_m16x16.I187.I159.I32,113,610,macro
4,29,Ipsm.Itrquad.I_m16x16.I187.I159.I36,85,610,macro
3,29,Ipsm.Itrquad.I_m16x16.I187.I159.I37,57,610,macro
2,29,Ipsm.Itrquad.I_m16x16.I187.I159.I39,29,610,macro
2,31,Ipsm.Itrquad.I_m16x16.I187.I159.I40,29,652,macro
3,31,Ipsm.Itrquad.I_m16x16.I187.I159.I41,57,652,macro
7,18,Ipsm.Itrquad.I_m16x16.I188.I152.I11,169,379,macro
8,19,Ipsm.Itrquad.I_m16x16.I188.I152.I17,197,400,macro
8,18,Ipsm.Itrquad.I_m16x16.I188.I152.I18,197,379,macro
6,18,Ipsm.Itrquad.I_m16x16.I188.I152.I21,141,379,macro
7,20,Ipsm.Itrquad.I_m16x16.I188.I152.I23,169,421,macro
6,20,Ipsm.Itrquad.I_m16x16.I188.I152.I24,141,421,macro
8,20,Ipsm.Itrquad.I_m16x16.I188.I152.I25,197,421,macro
9,20,Ipsm.Itrquad.I_m16x16.I188.I152.I26,225,421,macro
9,19,Ipsm.Itrquad.I_m16x16.I188.I152.I28,225,400,macro
9,18,Ipsm.Itrquad.I_m16x16.I188.I152.I29,225,379,macro
9,17,Ipsm.Itrquad.I_m16x16.I188.I152.I32,225,358,macro
8,17,Ipsm.Itrquad.I_m16x16.I188.I152.I36,197,358,macro
7,17,Ipsm.Itrquad.I_m16x16.I188.I152.I37,169,358,macro
6,17,Ipsm.Itrquad.I_m16x16.I188.I152.I39,141,358,macro
6,19,Ipsm.Itrquad.I_m16x16.I188.I152.I40,141,400,macro
7,19,Ipsm.Itrquad.I_m16x16.I188.I152.I41,169,400,macro
7,22,Ipsm.Itrquad.I_m16x16.I188.I153.I11,169,463,macro
8,23,Ipsm.Itrquad.I_m16x16.I188.I153.I17,197,484,macro
8,22,Ipsm.Itrquad.I_m16x16.I188.I153.I18,197,463,macro
6,22,Ipsm.Itrquad.I_m16x16.I188.I153.I21,141,463,macro
7,24,Ipsm.Itrquad.I_m16x16.I188.I153.I23,169,505,macro
6,24,Ipsm.Itrquad.I_m16x16.I188.I153.I24,141,505,macro
8,24,Ipsm.Itrquad.I_m16x16.I188.I153.I25,197,505,macro_clk
9,24,Ipsm.Itrquad.I_m16x16.I188.I153.I26,225,505,macro
9,23,Ipsm.Itrquad.I_m16x16.I188.I153.I28,225,484,macro
9,22,Ipsm.Itrquad.I_m16x16.I188.I153.I29,225,463,macro
9,21,Ipsm.Itrquad.I_m16x16.I188.I153.I32,225,442,macro
8,21,Ipsm.Itrquad.I_m16x16.I188.I153.I36,197,442,macro
7,21,Ipsm.Itrquad.I_m16x16.I188.I153.I37,169,442,macro
6,21,Ipsm.Itrquad.I_m16x16.I188.I153.I39,141,442,macro
6,23,Ipsm.Itrquad.I_m16x16.I188.I153.I40,141,484,macro
7,23,Ipsm.Itrquad.I_m16x16.I188.I153.I41,169,484,macro
3,18,Ipsm.Itrquad.I_m16x16.I188.I158.I11,57,379,macro
4,19,Ipsm.Itrquad.I_m16x16.I188.I158.I17,85,400,macro
4,18,Ipsm.Itrquad.I_m16x16.I188.I158.I18,85,379,macro
2,18,Ipsm.Itrquad.I_m16x16.I188.I158.I21,29,379,macro
3,20,Ipsm.Itrquad.I_m16x16.I188.I158.I23,57,421,macro
2,20,Ipsm.Itrquad.I_m16x16.I188.I158.I24,29,421,macro
4,20,Ipsm.Itrquad.I_m16x16.I188.I158.I25,85,421,macro
5,20,Ipsm.Itrquad.I_m16x16.I188.I158.I26,113,421,macro
5,19,Ipsm.Itrquad.I_m16x16.I188.I158.I28,113,400,macro
5,18,Ipsm.Itrquad.I_m16x16.I188.I158.I29,113,379,macro
5,17,Ipsm.Itrquad.I_m16x16.I188.I158.I32,113,358,macro
4,17,Ipsm.Itrquad.I_m16x16.I188.I158.I36,85,358,macro
3,17,Ipsm.Itrquad.I_m16x16.I188.I158.I37,57,358,macro
2,17,Ipsm.Itrquad.I_m16x16.I188.I158.I39,29,358,macro
2,19,Ipsm.Itrquad.I_m16x16.I188.I158.I40,29,400,macro
3,19,Ipsm.Itrquad.I_m16x16.I188.I158.I41,57,400,macro
3,22,Ipsm.Itrquad.I_m16x16.I188.I159.I11,57,463,macro
4,23,Ipsm.Itrquad.I_m16x16.I188.I159.I17,85,484,macro
4,22,Ipsm.Itrquad.I_m16x16.I188.I159.I18,85,463,macro
2,22,Ipsm.Itrquad.I_m16x16.I188.I159.I21,29,463,macro
3,24,Ipsm.Itrquad.I_m16x16.I188.I159.I23,57,505,macro
2,24,Ipsm.Itrquad.I_m16x16.I188.I159.I24,29,505,macro
4,24,Ipsm.Itrquad.I_m16x16.I188.I159.I25,85,505,macro
5,24,Ipsm.Itrquad.I_m16x16.I188.I159.I26,113,505,macro
5,23,Ipsm.Itrquad.I_m16x16.I188.I159.I28,113,484,macro
5,22,Ipsm.Itrquad.I_m16x16.I188.I159.I29,113,463,macro
5,21,Ipsm.Itrquad.I_m16x16.I188.I159.I32,113,442,macro
4,21,Ipsm.Itrquad.I_m16x16.I188.I159.I36,85,442,macro
3,21,Ipsm.Itrquad.I_m16x16.I188.I159.I37,57,442,macro
2,21,Ipsm.Itrquad.I_m16x16.I188.I159.I39,29,442,macro
2,23,Ipsm.Itrquad.I_m16x16.I188.I159.I40,29,484,macro
3,23,Ipsm.Itrquad.I_m16x16.I188.I159.I41,57,484,macro
9,33,Ipsm.Itrquad.I_rt_if16.I12.I32,225,694,macro_interface_right
8,33,Ipsm.Itrquad.I_rt_if16.I12.I36,197,694,macro_interface_right
7,33,Ipsm.Itrquad.I_rt_if16.I12.I37,169,694,macro_interface_right
6,33,Ipsm.Itrquad.I_rt_if16.I12.I39,141,694,macro_interface_right
13,33,Ipsm.Itrquad.I_rt_if16.I13.I32,338,694,macro_interface_right
12,33,Ipsm.Itrquad.I_rt_if16.I13.I36,310,694,macro_interface_right
11,33,Ipsm.Itrquad.I_rt_if16.I13.I37,282,694,macro_interface_right
10,33,Ipsm.Itrquad.I_rt_if16.I13.I39,254,694,macro_interface_right
15,33,Ipsm.Itrquad.I_rt_if16.I14.I32,394,694,macro_interface_right
14,33,Ipsm.Itrquad.I_rt_if16.I14.I36,366,694,macro_interface_right
5,33,Ipsm.Itrquad.I_rt_if16.I6.I32,113,694,macro_interface_right
4,33,Ipsm.Itrquad.I_rt_if16.I6.I36,85,694,macro_interface_right
3,33,Ipsm.Itrquad.I_rt_if16.I6.I37,57,694,macro_interface_right
2,33,Ipsm.Itrquad.I_rt_if16.I6.I39,29,694,macro_interface_top_right
1,17,Ipsm.Itrquad.I_tr_if16.I0.Iif0,1,358,macro_interface_top
1,18,Ipsm.Itrquad.I_tr_if16.I0.Iif1,1,379,macro_interface_top
1,19,Ipsm.Itrquad.I_tr_if16.I0.Iif2,1,400,macro_interface_top
1,20,Ipsm.Itrquad.I_tr_if16.I0.Iif3,1,421,macro_interface_top
1,21,Ipsm.Itrquad.I_tr_if16.I1.Iif0,1,442,macro_interface_top
1,22,Ipsm.Itrquad.I_tr_if16.I1.Iif1,1,463,macro_interface_top
1,23,Ipsm.Itrquad.I_tr_if16.I1.Iif2,1,484,macro_interface_top
1,24,Ipsm.Itrquad.I_tr_if16.I1.Iif3,1,505,macro_interface_top
1,25,Ipsm.Itrquad.I_tr_if16.I2.Iif0,1,526,macro_interface_top
1,26,Ipsm.Itrquad.I_tr_if16.I2.Iif1,1,547,macro_interface_top
1,27,Ipsm.Itrquad.I_tr_if16.I2.Iif2,1,568,macro_interface_top
1,28,Ipsm.Itrquad.I_tr_if16.I2.Iif3,1,589,macro_interface_top
1,29,Ipsm.Itrquad.I_tr_if16.I4.Iif0,1,610,macro_interface_top
1,30,Ipsm.Itrquad.I_tr_if16.I4.Iif1,1,631,macro_interface_top
1,31,Ipsm.Itrquad.I_tr_if16.I4.Iif2,1,652,macro_interface_top
1,32,Ipsm.Itrquad.I_tr_if16.I4.Iif3,1,673,macro_interface_top
